student_id,一元函数导数及其应用,三角函数,函数应用,函数概念与性质,复数,对数函数,幂函数,平面向量及其应用,平面解析几何,指数函数,数列,概率,空间向量与立体几何,立体几何初步,统计,计数原理,集合与逻辑
S0001,0.8523634663333458,0.2870903057295185,0.48380540952004175,0.18041645711965754,0.42212461316764244,0.5016889581500552,0.19956190438375454,0.40684618373976805,0.3803370754858239,0.7565106522620149,0.6400900658080704,0.35099309500927234,0.3001498779306931,0.5190622933543506,0.8560132494071635,0.15709067539527166,0.6286030198767028
S0002,0.17850170391824285,0.4882793711417762,0.7049967865363214,0.5121456007907832,0.4088751991704982,0.45815984876018867,0.7467288448095211,0.11828934367484464,0.21844231417573867,0.7007916784559783,0.36667231295656066,0.3862430164275165,0.09965498546286723,0.43169505668536895,0.5107760080014635,0.5968123293638482,0.17716674865094068
S0003,0.4037231455817608,0.388617894666828,0.39016155080251774,0.5067762342015868,0.7301603919830627,0.8209321978324857,0.5381383251821098,0.6402130177943384,0.8854402993095033,0.36959329228254745,0.8830225570957742,0.39422560558808584,0.8626448936945781,0.39195269079353157,0.35833464185583486,0.7591573836904889,0.4429067117930328
S0004,0.7819126947669827,0.29008782299365965,0.5465922812780951,0.9274281245586591,0.5120446943621657,0.6673226048876193,0.7758552816782486,0.23362895753102894,0.3335706924794073,0.6242982518597604,0.7933428096008468,0.24838072842657447,0.8624461707249595,0.6256159714143953,0.90454254810042,0.27290910531276275,0.5317085924915775
S0005,0.2534976367617114,0.677501145416763,0.8156257775067595,0.19809633531872176,0.833985999660727,0.3317423588046027,0.4137930673591841,0.6964121001194614,0.5387214229019507,0.8430088915527214,0.29272639673118545,0.30850151100516826,0.5932638818659779,0.5506150047227226,0.7227989783454899,0.6058629866360494,0.5672265746213799
S0006,0.5888891480272647,0.8323599102685878,0.22723598402554407,0.6966735390961741,0.5035249190798852,0.7982216757717883,0.393868071782569,0.160657516625171,0.7737161261567967,0.7135726155867248,0.5274770387675856,0.5979085337258037,0.6150203986143414,0.47843324926702674,0.41564321611526206,0.18712369474516555,0.13456791842835766
S0007,0.4374149198171219,0.6931420146732508,0.19433805050273087,0.5288480508065904,0.7086237859219723,0.18826731290954923,0.13425369740283508,0.7639255472851231,0.20860777996901653,0.15729554951484384,0.5852472469055724,0.6604932840134233,0.6689270502002688,0.13035613318555178,0.18120730799092255,0.48349299919762,0.19014350662403093
S0008,0.359035605423062,0.7331947376215893,0.691889065876315,0.23082930181691919,0.6066766916832496,0.44967546163345234,0.8042949526204605,0.637824501522752,0.6896438388465965,0.5669611498092553,0.12420719950444237,0.7340854799528639,0.5819450975647122,0.32456809401087156,0.8780979409393059,0.35374885745243456,0.39785662776529024
S0009,0.1892751149544651,0.37213205927936355,0.5247331779199164,0.5648003105377202,0.3328034097333866,0.6282949313821711,0.3543501888533352,0.4907789483665132,0.5710573874245447,0.697332311928677,0.4655605232861777,0.8040477305716169,0.36794113856628585,0.3504183883136442,0.600618787068485,0.4452072478045964,0.41023245059972624
S0010,0.2709697335674747,0.5637383469289106,0.535434960045653,0.548987939749253,0.7066847728717597,0.2899361101174993,0.15750689889381358,0.4386869885715549,0.5030436019615403,0.7073652543278575,0.6808640172975077,0.7098953493808352,0.23600141783525747,0.6358730135442274,0.4493996093208013,0.35334223010883964,0.8276454078950506
S0011,0.37449247811665465,0.6372818050204491,0.5719534629799826,0.6064864483144833,0.6561032908462033,0.3269503450758397,0.6812444083414056,0.5378151287431081,0.3230041574823559,0.8021888831575192,0.35739484236472674,0.44357817926819676,0.6258721020537319,0.5623535584677987,0.735607816770134,0.39017365559055855,0.8628452732121443
S0012,0.6197239525014734,0.29489633555731437,0.3369991106756025,0.47197446735734944,0.7060586369772155,0.2225594643797903,0.7151863709926345,0.45831810739915463,0.5008547670902769,0.7521770943839284,0.30010307500523414,0.7467965730462792,0.4162711252456004,0.30367383028610867,0.8286213892704459,0.4354664007509216,0.5773263816646206
S0013,0.3738055176469395,0.32744920025337776,0.6354949674541248,0.5186735035833745,0.44902680378883125,0.13550698950307696,0.3360012355172034,0.36399927820237543,0.7145699845420009,0.30834148934756134,0.4883133404664749,0.5176018515936016,0.3555395310005849,0.8524126482868635,0.7554061453662126,0.7858819310766817,0.44588072309723087
S0014,0.25837653870367655,0.19054701207642383,0.2550008309297809,0.6103695787276128,0.3399563307677499,0.37539446390976144,0.1951350176178202,0.5266343348404751,0.2675057375299265,0.843420539815062,0.8081441324689606,0.6688373268093735,0.38016306986547654,0.3596382759519509,0.21032419071616773,0.37858430124565784,0.7054196868451378
S0015,0.8234179802614396,0.5506562046850378,0.3490430174164232,0.832714507925345,0.4415321904049336,0.8314672126150616,0.2789701143474038,0.43329863120084433,0.7729691610024682,0.8292600794200841,0.9116254109429591,0.6740265005311025,0.9018628328706952,0.230128178218708,0.3232551029760633,0.17533453381016356,0.8019152121353654
S0016,0.3115498765676005,0.4732891977878054,0.295517976751029,0.7228443148128926,0.7224557570340706,0.6243987175137534,0.16458506325490474,0.857947472650183,0.5115866113304607,0.14657457414888997,0.30887857722424483,0.5118309164983627,0.523788987014952,0.6805849633489849,0.4774914911660963,0.5531493220354613,0.22278905496234094
S0017,0.8561793071627994,0.6421499698424318,0.19130937159914488,0.35330611306268617,0.8883502260185092,0.180270842479017,0.24011654343257136,0.14126997792059906,0.2748351016393811,0.46742559002847334,0.6077755356502106,0.5154058267407408,0.1382525432513492,0.24942760290398572,0.15540647538768393,0.240501708502027,0.8301568023062155
S0018,0.27851450756771967,0.24739839321339893,0.5717561323482876,0.47019395066096015,0.4526106287431555,0.7649376192948341,0.48789606957536735,0.6759308044941128,0.6199060918177162,0.4477492113681141,0.22973298451980445,0.8710481907327308,0.621491343369012,0.8931472803588947,0.8158238759467107,0.3234086949838874,0.8059441176452712
S0019,0.6367745227757374,0.08320249484531697,0.6199525945443943,0.5320290678358092,0.42475334993565306,0.2875366491040505,0.25493188295615027,0.5345682001261428,0.5902498580247522,0.5437063690104948,0.6564180026136712,0.19447929444405293,0.8941233621788066,0.6063470755724308,0.44493021602094945,0.7331258568099059,0.5552551416498194
S0020,0.6906082505234611,0.38081990876623334,0.36046437136201265,0.2813113263530356,0.8344302058451402,0.4150988471264757,0.4330289894562813,0.19761977702153985,0.3943294726557116,0.8214768606599351,0.38546941639224647,0.7481428728675362,0.29234719411388,0.5949900418783373,0.2919670276248392,0.8278048469125506,0.36296953637813306
S0021,0.341984716769088,0.4504771345576255,0.7146363957332865,0.26681696389411014,0.6360996753072924,0.7438535611601483,0.5463217484784061,0.7164358691639681,0.8168743251208263,0.461581823725493,0.517392825164647,0.3410453931637671,0.24919234749136762,0.45299436844490404,0.4095895240883183,0.6888770397730547,0.2044219024671498
S0022,0.3852417632043689,0.2546230039146489,0.27180464557207545,0.16064087386937081,0.6995583460620326,0.28820982567437914,0.5421684688596721,0.16813967933928553,0.4037100410066686,0.7783420252276906,0.11766569629143328,0.6684116350731873,0.11239690000488245,0.12335215125913385,0.37957246854728943,0.5867375866990908,0.4404610700521064
S0023,0.7363733505565304,0.31498618924854066,0.15523890866885828,0.766724557773063,0.08116966787140437,0.677424322872752,0.5404570064621252,0.7135275653774699,0.5186852062430318,0.41943790223592986,0.49241159267350737,0.5968224765582376,0.12664993903488578,0.32829509485566494,0.6169334970351584,0.5905619764636681,0.4495178192719685
S0024,0.8422484117008012,0.8118699670034346,0.5840417671776229,0.6257335216572744,0.4069541519408103,0.6125061207729197,0.1739754936139374,0.5860856275031096,0.37996893816857585,0.599142929864275,0.6329864256603774,0.7070198957878818,0.6024023445367014,0.6918413709778121,0.5785454178418507,0.6575945730156408,0.14338267535231022
S0025,0.2075641113697326,0.33352735080177864,0.4225616851804095,0.5758634065764384,0.5405324334233175,0.25366135764560516,0.38803018479095464,0.7733968224245558,0.6035313892410414,0.376971312195611,0.494936293296592,0.7898276638029434,0.5838161494292953,0.33575107799701237,0.5601431698561095,0.24768782022363925,0.7731762099271563
S0026,0.7954001986820636,0.15174881423907716,0.6023440234877162,0.6872090081800224,0.334321112845776,0.736732977607515,0.6487434528814353,0.22107792103616605,0.5468532865993291,0.5124977337990633,0.25920996011110037,0.6326853128387433,0.8671579706314461,0.6666404909166587,0.8432632308473932,0.15231578363995174,0.21339039720149447
S0027,0.33470295979264986,0.6757562350690253,0.7668874240850967,0.27532760747460705,0.14611376412214105,0.4662909659034192,0.8346552291049091,0.7485840604625017,0.6000534973663452,0.7700055334278825,0.4544379053337027,0.4486433517134174,0.2357305187380517,0.6094861302327255,0.838719010233689,0.5208563482147729,0.7777351088267903
S0028,0.7869715527972431,0.5946539720491232,0.2649199408430568,0.06959981892405342,0.14695422093168412,0.13912952311569318,0.6010473786420721,0.8513755487622019,0.2831763443667864,0.2553394367322146,0.1668791072706508,0.3114384716783835,0.3107570989099449,0.15911448719217777,0.4677028710299572,0.7119569363673199,0.46587024874747135
S0029,0.17737210717073057,0.760943498853945,0.29912197726992457,0.41108006286153176,0.19093799164213945,0.32909452152970536,0.19123823201522083,0.5700222937553419,0.4452940488523267,0.8027540701731711,0.16676994683855487,0.3021007912857923,0.24610581359719808,0.2260834396256486,0.49940979596057805,0.11422201833704974,0.4460636960925084
S0030,0.5340863316141266,0.3494480435329658,0.4906414590925261,0.43020450848617114,0.607658214755728,0.4654628104063991,0.5272517208790827,0.8481737103724407,0.763253128999052,0.679795015939551,0.19602435123226286,0.7323755041639428,0.2689798448456588,0.5511199655631602,0.5655606665073982,0.5321073790134481,0.23709517213085815
S0031,0.7233577213127289,0.4985217593031259,0.5259708100765381,0.5480245140095406,0.5387390588704001,0.13889837851542705,0.7277418964035912,0.22622188367028664,0.23922568252170237,0.1565330257290772,0.5786182045931765,0.1700778066817326,0.5438503929347818,0.5532222593076929,0.5574075061793373,0.6206773001500574,0.06219410853324795
S0032,0.6836161774022413,0.5747128229120075,0.109135637418117,0.32727519301446817,0.6370267356988633,0.561997155749895,0.7197504838766181,0.7139721042882874,0.4316272166740466,0.7616220085723422,0.38757431978651724,0.5502092904836359,0.3893274362906419,0.9329742099239698,0.7557219847164502,0.5309068362175136,0.3228003672913139
S0033,0.8423665686792401,0.34074579660942445,0.370406693718201,0.5982688394435233,0.12429356442790293,0.7943520969685878,0.3717669873937653,0.1414564879671397,0.5571246663970549,0.4407792125863834,0.6741784331943231,0.37313530931221617,0.2444966237356868,0.7322144889223088,0.79539271475048,0.48338038788470566,0.20203026911550567
S0034,0.7509306957664126,0.27458122188532064,0.4028003444646171,0.31789177280216985,0.4627659460771168,0.4250482619580462,0.682377580229513,0.4466191516812743,0.16530425410454114,0.4622224799099242,0.0702776271157815,0.8333332917440726,0.35001278478320247,0.377763874670295,0.7688496857979278,0.6928816958621515,0.30350262068658723
S0035,0.7774069694319717,0.9208651376846361,0.4579084850283198,0.26980977852168964,0.28191458145750276,0.5765934174319342,0.7240979059165141,0.5639856367583174,0.3828352610521009,0.2194862162685328,0.45993381657700144,0.13976579006794093,0.7007341504897785,0.3761194940159025,0.5013656852623487,0.2929625206430526,0.7321432967726242
S0036,0.6744317265360837,0.5798236188557909,0.7792439792701842,0.1657866195874282,0.6897431009283796,0.5653594098923718,0.4271220497354914,0.3555187873919633,0.5571162599793317,0.5128112971449929,0.5993822625992329,0.783702980909877,0.1440847530253388,0.7737354240411455,0.24066796501374124,0.5098298531164508,0.7009079717927862
S0037,0.4423376459312113,0.42915267406975127,0.7066162037732473,0.4197845867628782,0.48260357646967045,0.14124651197497926,0.5025214127150033,0.6802769159830899,0.8910873978179032,0.9158637467985054,0.7965884978731924,0.4813789795341683,0.8485695632401768,0.43742958667611104,0.19256124621683113,0.5441254509366664,0.4833979341486147
S0038,0.2775234271234124,0.2053637828388864,0.29808748986481404,0.5473635645778737,0.6063643054349143,0.5864511765946276,0.2801717759466913,0.8870804369245165,0.6300742267352132,0.38690557035714757,0.55015095504364,0.7643015457800352,0.5618984136360085,0.5716882097316991,0.6696017243069609,0.5989967026589225,0.8485131305307732
S0039,0.7233505237077311,0.7314861939245498,0.7018657039620192,0.823430842160294,0.6304626257394135,0.25732936623244895,0.8415208946257503,0.6424768929215412,0.4390850921010523,0.7969145459829744,0.8071071195143751,0.4644237372520183,0.6913714524741998,0.9378641910893563,0.27412515961644934,0.41502346072055757,0.6837417081682833
S0040,0.5311538930205784,0.1800955514353084,0.25431885540680715,0.24135163919022318,0.5246645019897433,0.33187544958462023,0.6172513222568259,0.3945227886364364,0.7959860426903109,0.33052476863780117,0.7481759090460136,0.7024188686512464,0.12247463142354129,0.13911463676244926,0.3786656962532448,0.2506303557320866,0.32062717938043517
S0041,0.3622798359119092,0.8586023029268315,0.18352016575887417,0.6408129306741837,0.09256165695277083,0.31512868165655405,0.12925272401319107,0.4711999527512629,0.14453009393119884,0.2817421076894163,0.4896649433489034,0.38406109972548635,0.5161040074619969,0.6147371882221223,0.6225856783351876,0.6961318561420714,0.5813399534428687
S0042,0.3693430173037222,0.40946560867567583,0.4942158850278328,0.8657257747049074,0.32243212935457916,0.5482657798175868,0.17567927894316696,0.11365627475537514,0.8803366719391158,0.12430381033010127,0.44277030862631256,0.429641919559883,0.76684173541853,0.20051087330346715,0.5168871873268679,0.4845913783129342,0.6345602052895731
S0043,0.6588102945417509,0.7472818096069468,0.618550200132169,0.6904056184245004,0.18807922247903097,0.3258065477304241,0.42520926054162483,0.3040868471083413,0.5793326868935837,0.19350953132953527,0.9048220477514806,0.571526265506574,0.5927658255797046,0.3675353419311634,0.3242507377729788,0.6250014940021823,0.2355698360753474
S0044,0.5847245267304505,0.3982986957539482,0.2081989426890846,0.43847162385878163,0.7640162548197996,0.2510673620265044,0.4946426223424749,0.6880502796452999,0.13520055970917363,0.433751698518187,0.9017211274065133,0.3702710473978627,0.36353598768649475,0.4918031915125515,0.6247341487632618,0.37238962585726293,0.49461260864821543
S0045,0.18192419800630438,0.07128706830115213,0.30797008651247476,0.8891583359099562,0.21696988431089637,0.6949249625280901,0.5546298395336101,0.49833848812150855,0.7003551723240579,0.4398944573821864,0.2745498788989718,0.5002219200513844,0.6904984955822757,0.4348272331106761,0.824575980211382,0.5840494752929372,0.8421548758516156
S0046,0.49593276929879937,0.4205587743849027,0.5963139118350328,0.35515043351172015,0.8422992057723414,0.7809902663589592,0.6517404870294731,0.7212689387667812,0.8212100111341111,0.47532439207362664,0.8603731901087154,0.6410775449823867,0.6557816082398916,0.7490877198836818,0.5243958884423944,0.5006889559603354,0.8371623318799305
S0047,0.6081475928078532,0.47009755615769017,0.51889807325547,0.4863696280105235,0.7494194741254916,0.7115403518491228,0.8028523957661581,0.39538127194482947,0.40494898253053235,0.4754466279078005,0.6951023319609217,0.5380083449102737,0.9019046744484464,0.46945867583057627,0.2931379265235355,0.6040720865343796,0.46997902492773425
S0048,0.5709530338166258,0.37882172312627926,0.43452567353801497,0.7677446024573259,0.41735024464264014,0.14538132830764164,0.5161211427005482,0.31129615414498263,0.3291262965858808,0.6426845003375017,0.18893113943332562,0.3314286700025466,0.6598296920239959,0.4608098855559302,0.7013242542728056,0.1566002601840711,0.5594570152824069
S0049,0.47526404229685615,0.7693255629588376,0.6103020316216126,0.07395041998920973,0.5143783857489354,0.46642676107902015,0.27352005968441395,0.4361546935993487,0.8587518874875878,0.2801410056319389,0.46838244211197755,0.7797587733274739,0.6898327315059793,0.4153727711783575,0.21403503862601067,0.7755583018328215,0.4498129854041533
S0050,0.13062980040871974,0.3304615449061248,0.5239193001224702,0.33908742486269405,0.3166181416523663,0.2996189268728518,0.5570315149750448,0.8970023162980374,0.35932689749075686,0.06655311125672535,0.4076228431538588,0.6830658184408294,0.5042801863859481,0.302365406882738,0.4531792352790111,0.8068414288159518,0.8984526843787689
S0051,0.33390576069198663,0.8945672086996467,0.8050901472779914,0.7009405840541487,0.5770053028225394,0.22645577051574,0.6762554169621836,0.27098328525304266,0.4001831667013754,0.667742673571642,0.4908202932020776,0.13383776774548395,0.4092339853708795,0.499688096093212,0.36494002501671163,0.45488732890477596,0.40502855083224976
S0052,0.7410153158361975,0.3832900697968925,0.8459082047100268,0.8832447398050339,0.7115853763965682,0.5304885438710103,0.4983736709283767,0.47514071645189704,0.29107923070854097,0.2204719235081544,0.32383283148872544,0.7951306498086191,0.8359727586084097,0.762649111655605,0.32917551936668393,0.5322529035932432,0.4301240532853375
S0053,0.7196254507623819,0.8278669807144149,0.34848010055944223,0.3118226439060967,0.09544873575154215,0.21575823778882836,0.6416355153002025,0.6117227762735811,0.4027613946262229,0.33616476986198696,0.2515290309095743,0.7045264145983079,0.6148364181966641,0.38763946085935774,0.2422247994022836,0.8390408149814359,0.5967102368259531
S0054,0.7179590986723008,0.4326517094397103,0.3567132161577083,0.5811459606763533,0.8556894201713119,0.4661411108184702,0.709075416528171,0.5042430792030559,0.2938580671562883,0.53050911188364,0.39399334679416376,0.3041572979348447,0.7798008187813797,0.37925991957221233,0.22276443740802665,0.6878115834845143,0.31822642601232815
S0055,0.2604840120826333,0.6267544167902058,0.33026668893987404,0.44538087545933797,0.43163328066453693,0.3990754358954106,0.313600500901524,0.5877693087427336,0.8790877539354387,0.4806773392337857,0.8035477695538968,0.8044655558286745,0.21490417245234275,0.4254632087077166,0.41679007897841885,0.39669661316399474,0.8780471613808752
S0056,0.3921883369289353,0.7425107644815255,0.42461564465366686,0.4080500919449986,0.546694551106672,0.5084036153707036,0.6616241948395046,0.24369409735707342,0.733334229314444,0.4044048244122544,0.6041280501797144,0.7142822619158393,0.2854515539929959,0.5692549772966413,0.6861846424218312,0.15980355784832734,0.5390983085783827
S0057,0.6265315978182128,0.33390488349030223,0.25552221783361984,0.8086093019275697,0.676388340188273,0.7527413550788586,0.6051508079879674,0.2896523846564285,0.7776583684878365,0.7094369619960794,0.21530071672231926,0.29450145467801814,0.15352450648073887,0.6458242260006192,0.8761296130441603,0.7976573524080393,0.27355326150056253
S0058,0.7089912112729618,0.291269153637967,0.6414186632142483,0.8312177560439087,0.7310732163781726,0.4693673962207655,0.7845657552507703,0.7519107942837012,0.13423088372025285,0.45071473073582996,0.6523168181694053,0.7074594227392614,0.4893453972629247,0.3111778537263984,0.7112858271801532,0.8209115354383333,0.23091788955366285
S0059,0.14447348900973386,0.2727549033507054,0.37591034640149207,0.31356806177809843,0.21183787180534908,0.706138666461889,0.8093684731604626,0.5385891747234121,0.7905377596801726,0.271018638230166,0.7110254113135396,0.32504898823080436,0.3438437161828345,0.3846398194807048,0.5094223742339133,0.27736108130033654,0.3723383939826731
S0060,0.1402636224855888,0.5427319373416392,0.35104387820445104,0.7628309863767198,0.8212161924328581,0.4924403230746521,0.1162279521149328,0.4246827916482037,0.3373092643554061,0.3139067207261462,0.26646491574461584,0.7616143219780946,0.2935562867669424,0.3575266105543474,0.47781036559651885,0.38509271980580473,0.2675694713462861
S0061,0.7050377002571309,0.6092745032397902,0.1510354355215031,0.627300591374128,0.20334269149887432,0.7178552484387836,0.16732030602859702,0.6154292810294509,0.5063350809789193,0.35219536418474096,0.6923841373327319,0.3025252263192335,0.6524554499329123,0.7653480009234961,0.7025454611765816,0.27321360515711746,0.4420020347552612
S0062,0.3456561712784555,0.500156306957362,0.7618225514218266,0.42520837423056057,0.9077621392822226,0.874339521303845,0.27709755308577655,0.5672999113598363,0.3568889721581618,0.6818613059401143,0.9107634255564809,0.7474119199491195,0.814831059744085,0.31043589008537253,0.2911772830575842,0.5919704995201645,0.737419100093634
S0063,0.2489417517249025,0.36196576305188677,0.15344510227263541,0.7346748806831847,0.6195189332345513,0.5868276874170846,0.7164076103577518,0.7821554941204574,0.29869528534012413,0.7164967688525972,0.5526645846600564,0.1184937203570866,0.42627032914829543,0.618389420739829,0.4919851889788584,0.9053435117249674,0.8425897713206053
S0064,0.8203076216202548,0.614507170506158,0.25137819516752286,0.356695673969723,0.5878831381511722,0.19312967939482284,0.14983290575319003,0.8520029010095062,0.7246711704371205,0.6995059985499188,0.4308190937752471,0.3182587829045762,0.33550376401135934,0.6236049668703272,0.6373099131861831,0.5831800179791297,0.7279724305680512
S0065,0.8786417368853179,0.3167413785841754,0.41463724590534085,0.2530767499036109,0.14373222311988676,0.6105858936255235,0.8295221313213903,0.49277735828926894,0.4150012304785096,0.9078147575998053,0.5558655146020163,0.3835802853305237,0.21353071528071138,0.199671304720055,0.18867142340956802,0.7775245504787116,0.29666341629122317
S0066,0.5184357834811866,0.3964881983623477,0.58333212396881,0.49500310105873,0.6395208650558781,0.2588730361118709,0.8119776938152123,0.7066346899840346,0.3681020558380856,0.31280531406026213,0.7251509105940173,0.6062872912991506,0.515453986984899,0.47962205743754427,0.5981582865956686,0.1522599369248108,0.5534938366623277
S0067,0.8456261653892709,0.4311683300150328,0.4298616570994071,0.18481878804267565,0.5409918359249651,0.4320686135876298,0.8434628287469829,0.6774645400944744,0.26181582708614204,0.7966492776072694,0.4394241494393394,0.259363750027748,0.256637320696725,0.557639853302563,0.5560732970181965,0.4559761996087249,0.5808751846513475
S0068,0.5699298999504946,0.8158389135521605,0.3484801440766944,0.5599103277118423,0.8822780659259907,0.5914293938707503,0.795140432917719,0.4901381453641596,0.6620680401732122,0.48857205874009324,0.7815354339740462,0.32900603805513384,0.5564204744406342,0.6804372561935853,0.8341011020066257,0.3177142889565471,0.43510857828663013
S0069,0.5240899901599424,0.6937946777400361,0.5894589484080615,0.5821861148999209,0.5687349917880015,0.7195073386675989,0.8304555988233934,0.19343006154419792,0.4366952880766673,0.5897467186064084,0.09288308923916522,0.3221170890744076,0.3754227182384955,0.675231215502993,0.15629438867841666,0.7388704375917132,0.6617179335961393
S0070,0.31582267863654745,0.8607007712185075,0.3846647091514868,0.4244895036016327,0.7599179266645777,0.5836306014548497,0.3690522562351679,0.6685021107579519,0.2655506900635072,0.17379448567386438,0.5184632219031656,0.44616244886239537,0.10015370243990748,0.7679302853866524,0.785927019530312,0.2602750092603028,0.22176152748555658
S0071,0.9026742896922612,0.6321851729046587,0.4352384869168682,0.506932056821615,0.39190856415306385,0.7784851391644855,0.8350196784746529,0.7469235952373635,0.6636444384562343,0.5106906118928264,0.6861941225122494,0.4599091937845004,0.7764532381298116,0.32698777122793743,0.4700600547994219,0.46158656011196786,0.8925662693306524
S0072,0.2914850794207345,0.23764737762639127,0.1982764818344178,0.41503013762495,0.7057519464847558,0.7858486966486373,0.3591531249143162,0.7458064337348426,0.7211938669759451,0.10318088623512368,0.7379627517186967,0.7990268663684471,0.47436475783758497,0.40588055205340434,0.8143765434157515,0.5059737342156239,0.3694644003759299
S0073,0.36200058428708176,0.6206922794504331,0.7912199457529684,0.500452854678963,0.2921910467773883,0.2992410866629235,0.20055690981312066,0.3775520180283568,0.6468408561808623,0.23966433806473028,0.15566688881328247,0.7295058995195594,0.6355312501256963,0.1601484802564435,0.6508599142712743,0.29329197880897867,0.6291161273314076
S0074,0.734005238743859,0.8665856837610424,0.34519775301319533,0.5811125045647508,0.8092568517733909,0.46994578768395384,0.1571334451869844,0.42462670294090227,0.3569129906375621,0.39836145231948855,0.863367767698951,0.30211001012538846,0.4642454854324415,0.7352352672907313,0.4576333532196557,0.7990711383599428,0.30166844092844514
S0075,0.4926629704609683,0.8313699469241939,0.5335901098888235,0.5648048055238942,0.3364982226943329,0.5320965701530033,0.834317542367146,0.7125877906260132,0.5397219512659894,0.5254076859079339,0.6166748266042626,0.7623947962922347,0.8065638401547882,0.322421293061747,0.6738457560482143,0.6336438149304264,0.6572834840844693
S0076,0.5413504366484451,0.4452136472259679,0.38435620797380765,0.36280829487430377,0.6396214718621995,0.14137883157474654,0.153623389690508,0.1945778942925702,0.3901963046126858,0.48360911418847147,0.16531424958046928,0.40095893908875113,0.4301230620171649,0.829465033466198,0.3853605319673759,0.4913281707260915,0.3984347908335834
S0077,0.36274994798409876,0.6128038064514229,0.6926588699525638,0.4436534950376863,0.6673677554685632,0.5888044656563111,0.2941260483693378,0.23928628661522527,0.2357675402308178,0.41508944671134934,0.3132445171847269,0.4812194129545912,0.4916814034792489,0.23101647365598976,0.61884155533559,0.38100330953323275,0.7551808687952973
S0078,0.19939429053465177,0.20125093789662354,0.6505565483419036,0.20957166240141026,0.10092127607561051,0.7549214670196114,0.11817206542981369,0.25172312324247126,0.31789711256627184,0.35842314042107365,0.48025186106472995,0.3421261707894421,0.49190368192458656,0.7944596135330483,0.430229615630177,0.4280453770754508,0.8651440479166834
S0079,0.6310771833176971,0.6457909090874389,0.7396128887004142,0.4522937511623311,0.2056721859031894,0.41823474888733,0.6662070121363666,0.17012856906921223,0.3690206058908898,0.8458295482816117,0.44594448785114305,0.2517401893302173,0.872163360268362,0.7694824267403688,0.367345611477346,0.16855983272547784,0.9014860218904736
S0080,0.08596329264090817,0.4234241754951387,0.47498650198967596,0.19953096320749583,0.13792432695825016,0.45014689914304823,0.383586454590194,0.7697064795109604,0.1276833960567194,0.24487825061754792,0.26795518717495315,0.13492656706733072,0.16102811253553478,0.8194058771673995,0.23330112109495438,0.5607495624231713,0.7598988327386187
S0081,0.6526676182714869,0.7938427316501397,0.550678935054337,0.7820425489694511,0.6354599432985086,0.35325247420818895,0.7729217890428686,0.09363479078167783,0.4793766614651065,0.5480762189160692,0.5254563131114517,0.17393761934085658,0.2939350843273539,0.8491804280667388,0.2915060443429306,0.4525351131194872,0.6922486796028953
S0082,0.2764442378487802,0.6797285691499734,0.5644505402603218,0.8478143424952108,0.9091431687841797,0.89282721380898,0.29195467314677637,0.615736563794789,0.3473170670359902,0.43766522479271236,0.5814173349443739,0.7038051557029605,0.6237497111648265,0.6095809256178757,0.8716773737378045,0.3545626737183108,0.41686450667448177
S0083,0.6127601050698716,0.10561495680826322,0.5193227533966951,0.7679041697691049,0.061867590765061514,0.8884634108603321,0.8252754134612936,0.6403317811207955,0.7517149755164818,0.5445951840206574,0.6398245491220191,0.5106976361482639,0.36417443914697784,0.3904555540009757,0.8825940331729135,0.8827625087630794,0.8644211463942206
S0084,0.31076932717952355,0.6360906017614539,0.1625802317951445,0.49042124880277915,0.272779539752883,0.6474467682228315,0.8585119882681376,0.7289612436301708,0.6187901834750547,0.662170273134843,0.17556652006397122,0.4963936613511825,0.816840050281585,0.28730345480725283,0.7590871786247778,0.7312268198805524,0.6966722814505003
S0085,0.3581949844390221,0.6326657623497643,0.8455530303913119,0.6561805062485593,0.658270651328355,0.40562765318634375,0.6971927185490834,0.3466325466374213,0.7667205611152205,0.4462905482141783,0.7827479108650316,0.21400044741747343,0.7637897025171011,0.4670723937071542,0.7233469843901904,0.6074431406437178,0.47576454687388464
S0086,0.6705361440606132,0.8994972095198008,0.42989482396161904,0.2007890777061058,0.32957887376869055,0.4355224642244284,0.8891903018869373,0.8112172516522891,0.19436489860594008,0.4866759871823694,0.6141760470925316,0.42277363258747425,0.5376077454503518,0.3119218233423458,0.5300841907880731,0.44123189866257967,0.3951555955287751
S0087,0.6218006047031929,0.6881700458802379,0.20943904902464183,0.3827524588163485,0.6184892399262888,0.38242868122734947,0.3673110206327094,0.29912859264537495,0.6579304189848786,0.16507080660244905,0.47720371707762826,0.7513973263868552,0.7760998412866528,0.6195198455167463,0.6308030091986261,0.7676013805820308,0.5365820789353284
S0088,0.278122393520626,0.8810184003654109,0.6761415446578568,0.4526120657305782,0.2967953752356082,0.6442267188516134,0.5694742077529591,0.6136914107999191,0.7492487025629689,0.3202118059069784,0.596738404061803,0.709909665625827,0.27706592568876653,0.33258263884423767,0.24369035559811805,0.3948154688770164,0.6159262071754251
S0089,0.4858939050940877,0.41174526926867616,0.5069445489409217,0.21663653624247992,0.47098819556550076,0.5020514681913089,0.9039331746131901,0.2923402703287969,0.7667141742355729,0.45951896736330816,0.5551771999775775,0.5280247637023463,0.28707695838258174,0.312557915238356,0.2776113001205418,0.5209364831467077,0.35523727784281595
S0090,0.202616343185263,0.1954238940133048,0.9097522525019934,0.3875900279321772,0.11295110537304637,0.4173012452811098,0.5778549004870641,0.1672596904995047,0.5995918271349611,0.246679036552514,0.13959700221470442,0.3544873796679831,0.28064240573574467,0.5040600514029625,0.44933583815148403,0.5446798695419481,0.11276145049054964
S0091,0.5764868027360324,0.5140037474470786,0.6587219932047486,0.23714014697536026,0.35104576829582773,0.14566924664017344,0.4391123547376353,0.3056629981784234,0.26165135850695154,0.2351922895105726,0.3813969851377047,0.561938835846322,0.5490971614644031,0.26693934011854803,0.18858260968426274,0.16972339948775317,0.7959978677939508
S0092,0.6792034701617847,0.497145086789563,0.5296796874980566,0.4503152844070212,0.19330503469937285,0.34825870530016645,0.39787580040404863,0.4942050048990434,0.505283379596637,0.25889390138975554,0.7327698188250258,0.31543534300564485,0.26555731628966384,0.4485327906517972,0.18696674557028634,0.6817253143603821,0.5982204258382361
S0093,0.3559789232081028,0.4612648838418405,0.2163675897051066,0.4038340353683555,0.2696575888800231,0.7992774631806073,0.12056952336993508,0.11624816733081164,0.7682928524431248,0.5217064394803532,0.22512786189975845,0.7297327392204497,0.3674252883762354,0.42553188421742905,0.4774772023118071,0.47547000813596424,0.452900718459588
S0094,0.8519804911697467,0.4399426043265051,0.8511889153910009,0.6474266798269321,0.12598171696612373,0.862047647890025,0.5950297705791757,0.5580285312590646,0.29939331986039114,0.6711756721047023,0.6623574463333423,0.8334004533770343,0.5518774680293311,0.5920937344857726,0.8312954613821465,0.22675866181431428,0.9002507219920689
S0095,0.6758274464268863,0.7161432205254109,0.606635433686658,0.3843036070787918,0.3789381014579,0.5717345653210554,0.5632442701382941,0.6405407475631573,0.5016922545645475,0.7674789295561698,0.46584580605471615,0.654272265738061,0.7010405060202766,0.19704756553229585,0.33087983416370337,0.7176004581686064,0.5737308124303293
S0096,0.2847750429725581,0.5746199540491043,0.17021614612185135,0.14039423400596512,0.5731117298074997,0.12187203716016787,0.27575020924442734,0.4436095224455242,0.5061086303009084,0.24219464279722144,0.3544956938179099,0.38566181126017746,0.4126003633270306,0.2296058414417492,0.3635002361259605,0.4765762583829101,0.5002620900892472
S0097,0.6213340601561639,0.5107502164833903,0.5227176246086466,0.8460524240960449,0.11553239430421251,0.4869216721789289,0.4461580163987297,0.889639969810426,0.5333197152471328,0.4841481561176135,0.6773148261095362,0.6400772997328356,0.6361427089506065,0.8654677101987754,0.5264412864238223,0.36926502123523314,0.33212432077410214
S0098,0.5262533095046912,0.6924436566373078,0.4581734652555858,0.19413668543215457,0.6046261865847082,0.7416591133905235,0.2318403955064398,0.5561638196137337,0.7801165396617981,0.830346383315591,0.2733174248742781,0.5744298219343578,0.7491742020045791,0.4470206539019726,0.5395657237215351,0.4516695296045931,0.58431378693762
S0099,0.3773120714130369,0.7800407876220147,0.7417978497533272,0.46724878078261617,0.7782951921926183,0.18919850471617686,0.6320077789495671,0.08713249303673264,0.7158375100741081,0.6025156349307236,0.5500586682263877,0.3524187801586017,0.7483433988559206,0.5453397094108845,0.7530359951585299,0.19081573755194736,0.5756738204737374
S0100,0.8535669269730085,0.6455111150304786,0.44298375572970317,0.8065365467423097,0.4922954275136626,0.3612929195279185,0.824729124055346,0.8815442032058419,0.4258741502577803,0.8781928684167752,0.4679872883730593,0.5428715075467799,0.45169166309546244,0.6756209454880522,0.7662423060022582,0.9180358016848648,0.494629903100101
S0101,0.7621484475399563,0.34297650552896664,0.3113809745978777,0.7188479388258799,0.5845881805064209,0.49984215871518617,0.5073379700195654,0.6069997533724527,0.676113996752896,0.5110136440777022,0.7559488008740645,0.11446459167036437,0.3289159332186731,0.3088279980549905,0.0946422475297022,0.29221224042551214,0.18487958465728507
S0102,0.17539130626914676,0.16377562922818387,0.5001484456862414,0.19668178462350142,0.6724590312617271,0.6941258676316571,0.16136227585185325,0.5295109596111107,0.824473170848509,0.6242278235818532,0.5184432955415107,0.2436555264816693,0.35924126587736044,0.3946935823710928,0.5203633651675676,0.89449429600089,0.05538835753753857
S0103,0.4476919510229424,0.39483641148716336,0.5579052336196145,0.2562683909772889,0.5233777015476193,0.13507700255943106,0.3575792642450969,0.21996191301963042,0.24506282177917602,0.6054690837421794,0.7154977353359679,0.07465088067144827,0.1608033769796729,0.8980052020280374,0.5850598717911182,0.589484214639975,0.6554309931120005
S0104,0.45460856288241086,0.7684224238057543,0.7317432929615394,0.367016733263583,0.3096620616465127,0.38606053454470834,0.43192245114668204,0.6799215607024646,0.8562581143020749,0.8940485903606633,0.35254936102049883,0.7460573827953214,0.7992666076366421,0.4824280767001035,0.6118332777117765,0.514691199992633,0.4684699039370763
S0105,0.9060920329582003,0.688273348117725,0.6552210267945222,0.22715535096951114,0.8614726988717011,0.9147271110728634,0.5352528837899728,0.7891159347741198,0.2650350226679112,0.29299673629346196,0.7009472494957452,0.1536021883192098,0.6050407666934073,0.45145989190700486,0.4494410670876044,0.21290411703500617,0.4769717302780196
S0106,0.18699499666277872,0.43271027709225396,0.675498608746099,0.594638969998596,0.14392850092098697,0.8091419132887954,0.6204194518808089,0.8702327398271849,0.2734280823498402,0.5299110606376634,0.7810388629864686,0.46461720799670225,0.17922222003991534,0.36994105708582725,0.6779492331762379,0.36814481771268537,0.36518738079049406
S0107,0.15638299982374282,0.5393411722255146,0.7577558219572444,0.4426797186288466,0.7360892111180017,0.5144887254522086,0.684184135076776,0.7411237447734982,0.395637569438506,0.7775661399862518,0.8446781543263737,0.7002726602092103,0.3141991023168394,0.7084611155113891,0.1629047185048327,0.6192561982497832,0.3892217547355718
S0108,0.7526541623058833,0.44664637284644426,0.44454634601206366,0.33110490289722416,0.1859800458726418,0.6996060395166597,0.3328226998833556,0.6995850698654971,0.4014145086379417,0.292975577567803,0.08587794601473349,0.9042582455912994,0.3443078909330558,0.3193273065504914,0.4744908154641056,0.46704581688176083,0.47331531690033474
S0109,0.7093040154843023,0.501296083430047,0.6656038495201086,0.09248733889549085,0.5526655739911537,0.26871162775265944,0.7427985676452882,0.39178588811771464,0.2664042377142912,0.5099709918254055,0.5733008650008992,0.6079401330366564,0.8196518895851361,0.4292824007965648,0.67736427877418,0.7076198839141218,0.6797942158628664
S0110,0.45335988930402293,0.6091532895356264,0.28432772087157554,0.7202159438674925,0.3170946650427595,0.09155899349449226,0.7185447113538588,0.7455711607821824,0.6686076373736005,0.3462322448575885,0.6381659117220614,0.3507051790153534,0.7529974428074367,0.7503782587137783,0.5036175479807178,0.4973961168988689,0.5615293414390676
S0111,0.3350770283487461,0.34577418428571455,0.7399586224309845,0.527621140867456,0.4639808913524049,0.24778674227737324,0.21856403332481147,0.22541157506593315,0.36031507834849796,0.35873963235711553,0.5410022962896558,0.8046333707398751,0.25177656446359853,0.14493639988526041,0.4766420101236859,0.4892864279431323,0.49159494642183216
S0112,0.1395285049381953,0.2774375202340755,0.6156596327095221,0.3953811142274798,0.3229652607688495,0.3032769879685142,0.17228750666733672,0.19576641603149014,0.28760295114845236,0.18794063549554013,0.42889737187632737,0.22679289495118743,0.6385478667836878,0.16953462601264357,0.08609799212467643,0.09326333120681343,0.24199187960569854
S0113,0.7082183107367097,0.1369497473627928,0.5808045933707957,0.5814584211071405,0.205291609959485,0.47293124973812434,0.7112775363095184,0.7818135668262076,0.12732066959259655,0.31255525417621094,0.4957639143567308,0.2918206442886406,0.25080214529214145,0.07291249611446556,0.1381565930013575,0.22383758244753413,0.4042915393987146
S0114,0.7475039874910596,0.5251356044761492,0.6680237878899927,0.5048388672917687,0.43919618052302095,0.5180216120331701,0.7436610079959908,0.7924755050332137,0.5688884569304582,0.4931821382022836,0.7086221819404692,0.29467579876171857,0.2452833917167858,0.4503533756587507,0.6843306043751717,0.7218240251898076,0.17780335787409093
S0115,0.2470354657357784,0.7381187247067095,0.13091535518433536,0.2892974927843174,0.41117398924249465,0.6944868849196638,0.2975955731143808,0.6081262944674057,0.3545768565918169,0.5905477750223891,0.20963159685477042,0.38614266862648167,0.11556398976658784,0.2039259636924361,0.23690490603739503,0.2706325972723353,0.7710880733936858
S0116,0.7610032814248885,0.44038930866704123,0.6812238773277427,0.5075901609841462,0.19722679225775305,0.6609921477197812,0.5655252903482584,0.3153897549835873,0.8838605001556443,0.4283613253986866,0.3447692841951784,0.8550394344963282,0.6539342101220685,0.5319078519658461,0.8733194643874184,0.40021386807057857,0.8737348064588354
S0117,0.6129162535253945,0.5060020805087037,0.9355829894043343,0.9296280015128513,0.6446379365175429,0.6759722207632113,0.8220339511148163,0.5411470085215876,0.5720322188080943,0.3665555080617727,0.6326862465352807,0.5155121528766091,0.3479282313501106,0.48097870301058476,0.15303150569144147,0.12318603964772239,0.36826719077682285
S0118,0.15573990748913671,0.3705650801075352,0.2179866581469863,0.6162278794558028,0.6810549304967638,0.4569785356712952,0.12792774695045403,0.3843398419204397,0.611259615996329,0.4712122240289014,0.657007468983964,0.1975120302596315,0.5499490211257512,0.7919496214932201,0.451036346516407,0.3913498514085056,0.5882274460616265
S0119,0.31096132002577104,0.5937877190087103,0.11291438564860554,0.27087377152891406,0.49406125931156036,0.43942574171846693,0.7026135665166856,0.2560143060083952,0.35718888360363765,0.4354704677954479,0.7043087832817984,0.45021592357455026,0.24865688951034465,0.1064760975807427,0.39575519069223847,0.12368739906765942,0.31435527936706914
S0120,0.6292344904872446,0.40320041088106545,0.21601951117332882,0.1880489797715501,0.7560582033868184,0.8618666617974904,0.2834883549027447,0.48410532940694756,0.14279604399500356,0.5136425815605058,0.3908383283725379,0.30083986914474486,0.3787645630534359,0.6135836345056629,0.28066886860220847,0.7834103993965361,0.0934964910490574
S0121,0.21856086040142614,0.7794156532965988,0.5285511486699709,0.8211870377959641,0.5863778093008696,0.45410298261524923,0.8462941877224185,0.23721757509084185,0.6421337862967327,0.1194452427147824,0.26796270970265235,0.24847301491967033,0.5330198728583647,0.5819320922549946,0.3963475568243304,0.6250501525920151,0.14124483972121513
S0122,0.48997352739315153,0.5067501559088275,0.18848181301206463,0.501885747674328,0.5964871026858268,0.767287963385981,0.44674855198584584,0.8326612346292012,0.7841426118799057,0.1646851602192649,0.22341273649667034,0.6209892468873436,0.8358679576541906,0.34590716120918763,0.5434070063011647,0.8949028263737279,0.4757483568732338
S0123,0.24141614062415545,0.49507487271288547,0.4456312925434112,0.6089309952387375,0.7111267176694536,0.33237088032087286,0.6815042575902035,0.474064195171456,0.35400103599292704,0.5593268641645296,0.7590966456511029,0.7320806493488652,0.29745349928834897,0.8525231107410384,0.6067832154781574,0.5573273572602716,0.6219010968406836
S0124,0.9029538850941619,0.5442200245450879,0.32138268674055825,0.4314149539041923,0.2821330878620758,0.5551867295813866,0.8759428535551192,0.5297673126853916,0.6360826619972879,0.8118053430619271,0.7005013891099564,0.5761195291538034,0.2969923104065983,0.7328468956815903,0.7033710956641991,0.4479257793221197,0.7584019226395641
S0125,0.42993868608623553,0.08071418192746585,0.5214085240848589,0.4407790145561774,0.31552527907486827,0.5462971776195822,0.5840690207122948,0.2848728475938086,0.7022771807068363,0.5441602111214912,0.5245723131166714,0.22540698973793868,0.28200392507108085,0.7011330643237204,0.8011925328644922,0.7990453921551517,0.6093618341999009
S0126,0.10629172351166186,0.4618562798911476,0.47593845937215834,0.2559578503064561,0.6050114739712659,0.7207599709700904,0.3782026490007205,0.9254753588224918,0.5451407174207535,0.5179133328857854,0.2350378191385606,0.7101927655087313,0.5128133990566378,0.6614117052091302,0.16924831041464317,0.2784907392737041,0.2091922713128048
S0127,0.12129878465083273,0.2023778456337532,0.5978630427054912,0.8218740645587441,0.7883575627188537,0.4177750516924697,0.5343519553763784,0.2792355047197738,0.5258003966747435,0.6578852285231159,0.27669398604292866,0.7116320782852653,0.8675967785223907,0.4238859167726946,0.6441643184915067,0.21746836021439114,0.19413648493800217
S0128,0.5140347164573188,0.48072082486941314,0.13331828455736675,0.11183980392772197,0.4081166605831957,0.5528386196535942,0.23351552591116068,0.3864968612443403,0.3298603465650844,0.3836785331527837,0.49685166086022764,0.4681399645949529,0.1480999333098862,0.884736664785585,0.45559570472685756,0.43552368653637313,0.8731119507763904
S0129,0.44250067382379493,0.10695189391387104,0.5263099657814567,0.3575838934639256,0.7098067281700379,0.277796367956914,0.6821288642038749,0.16032517204706592,0.3821544243960727,0.664301217037466,0.32080022702832,0.7626671771334298,0.5549432030182938,0.4393385993044686,0.13548702723749953,0.43755628512052736,0.2917833963795296
S0130,0.13401248833741622,0.6935351826158841,0.42194384580103916,0.2195340675374356,0.4780854855598846,0.7945735053352618,0.21999652555273283,0.6849444942768902,0.7290364195364072,0.6722799538897051,0.6163023300923504,0.3888160965825199,0.19162848178780795,0.2527466958894786,0.46050622183410006,0.3541250288702022,0.3941573439478523
S0131,0.44103665759445576,0.6256465859749903,0.2459254910278959,0.8308934431558683,0.3152351928478265,0.12386698623764426,0.17672428984725178,0.7894208529224599,0.2906436488692029,0.7062866735868809,0.30953346325408243,0.5732542872375921,0.6445991247873964,0.6978737429487907,0.5986612311489102,0.7124610423658903,0.5018126126172006
S0132,0.41781240010772247,0.8494115082250899,0.30303469410301537,0.606932470663695,0.5548294742791496,0.6411881572955612,0.16849344314141645,0.6596722901640703,0.1851750372616901,0.1414323922622143,0.5749844659203025,0.3334082722569097,0.25950550014430446,0.31819351772273785,0.7710732179886027,0.3984865076895218,0.2610446712911579
S0133,0.4835208800899658,0.516942209574594,0.8359122768720257,0.5960446951642501,0.33369559656629477,0.5289186123391416,0.2223509206139644,0.6977277537772711,0.6049947691490233,0.15382068740004184,0.624935700157262,0.6263282879924806,0.3448435669924485,0.7648878643857933,0.7693105295896949,0.7963910980947506,0.5159120302605377
S0134,0.7610629366136794,0.1900963492923269,0.5628251497809329,0.1695347526958352,0.6433093214276319,0.4114012352929221,0.367828570258765,0.7267207190146733,0.3349380051117296,0.2048646196141797,0.6056064677099732,0.4567445567005275,0.2866058833663143,0.8813041789972532,0.23404404445531124,0.5293901445663124,0.45616426401511845
S0135,0.2961845392060704,0.25791829084271933,0.43754499058272145,0.8251336856920236,0.36344481826168584,0.3749822058695105,0.2365533457720645,0.8837967552812462,0.11184422833084284,0.3040204812328079,0.6143041707258414,0.5167879987212628,0.8442626024210688,0.489848606607835,0.8831206745193395,0.5169972189716391,0.5673038093980837
S0136,0.30267421846640763,0.454022222745951,0.8928498353362039,0.8258720980120913,0.8450334308487307,0.2516062237892961,0.5171783419082369,0.3793997596806476,0.3475603435544433,0.6872191603310903,0.7388166497888502,0.344775072536916,0.6130918889388227,0.14918893234975128,0.8861735024490022,0.5501233358487635,0.8727313930317581
S0137,0.3698452679856536,0.5485939369263492,0.6704876566590474,0.7687412041980717,0.6280316390890857,0.7610393431915818,0.5940176476889484,0.6052894162976201,0.5499667971490902,0.7650583321121797,0.5451580517852337,0.7821053376511229,0.7567217554583978,0.656211233878142,0.23982372801562646,0.3098130388545556,0.26776333209697223
S0138,0.1708120646796838,0.41222372260495854,0.8786299599277129,0.6395480334303657,0.2923831499184032,0.7009696930157704,0.8846476944884871,0.7597404582271062,0.25030705962708627,0.8761154514693275,0.2953410421677109,0.5321396387847251,0.6518813968524201,0.7996620249484643,0.40524773393185437,0.587449655197768,0.8326881391667676
S0139,0.24893283525035015,0.6631212076568058,0.26191187337142613,0.29141225926853886,0.8003634223113488,0.4976846178852209,0.3800484077555436,0.2768603283956097,0.8308876922384207,0.3095612801067913,0.7821836318924683,0.2752277118473959,0.7276954364145454,0.21765300469765564,0.41368676491481715,0.7947628189851906,0.14866355394269123
S0140,0.22018951640198997,0.4058802473947562,0.774261775921313,0.46234353431358716,0.5585135021197122,0.6137704181105982,0.10526725867573677,0.2310132570854187,0.23673921150066946,0.6066581960243383,0.34584745307667536,0.6255564871058238,0.681553741340463,0.31560940996573117,0.8319262234500034,0.8834828890389286,0.6780407516722707
S0141,0.6576931005122897,0.6422973002075356,0.6077750585112439,0.1422666308081833,0.5297684414512854,0.08127983450333419,0.6991753716320571,0.4282158101045811,0.6798766687157419,0.7161637726195186,0.7029133616346162,0.1508263853614101,0.1272466609621485,0.42793917033733553,0.1447225618230204,0.3347129348377254,0.34108944039399136
S0142,0.2978633007252206,0.8519774600195669,0.3485134992641019,0.8638822099422429,0.6222717452731189,0.5477787209804168,0.6157450190951861,0.606758519258464,0.30445605286235167,0.482924695239343,0.6257399208513452,0.10244114499808911,0.3951335906863805,0.6171722496724704,0.6478904895817904,0.7192916464456853,0.20292337219241444
S0143,0.4141428747752303,0.2302787202533855,0.7223397704404937,0.6001916282459174,0.6306722420676389,0.664080181932941,0.418836069486676,0.5710847038725368,0.2605717629708299,0.33999539719183247,0.5626544922712012,0.5450468997806464,0.7618567613561142,0.15817444736557537,0.18374769350663195,0.5909965961879478,0.830046136901574
S0144,0.6566819378588982,0.19549344627989662,0.5499362232244678,0.37710538209706446,0.6586590152969957,0.6641652046181551,0.2564992742999441,0.5341163937102096,0.24178324422771005,0.18973121685272576,0.6274727697384626,0.14167907865963236,0.3309521054896443,0.8703232546905195,0.7810998989236825,0.8317692148797307,0.435283534773614
S0145,0.3299643729695904,0.7818072696671895,0.44614180510528006,0.7550654386145126,0.7068164833453111,0.15492110726567715,0.7938494143755037,0.4539471426218882,0.6248056653349529,0.6642641473669886,0.8378289749739389,0.6710315271446725,0.5585917952292814,0.3661720079680737,0.4525926661912066,0.45348531583809215,0.5096861988880771
S0146,0.4621647816296483,0.3735726774024722,0.9187489285040694,0.5206010906937644,0.5955026754153491,0.13951878951244517,0.6843082554800637,0.6768569543927924,0.8966436097667041,0.8752168493012916,0.8462714281863988,0.840851421018904,0.4779012762441918,0.7774437529006496,0.7300596063752828,0.38296935682593203,0.7185875402816455
S0147,0.46319753204379066,0.6879621164156717,0.848856990497833,0.24689602700191746,0.49575498757254993,0.18188779175389297,0.4924403600544199,0.3021242311114117,0.7563621308523271,0.6059099933921764,0.2746164246796092,0.4533431317713607,0.8082595008126413,0.8524308928769543,0.25201051100016614,0.1292915683939966,0.31620295962845574
S0148,0.5685365505693034,0.34342517385537663,0.37533106519924564,0.2535808069182747,0.30200429396733136,0.25433606976982825,0.41949078980558585,0.21939819289687088,0.7931564096307584,0.33003582851710983,0.2976786693489795,0.6419711718126536,0.2827501456194165,0.8395024780376158,0.2698612552378617,0.49750678814558413,0.7512495464126892
S0149,0.45478074502128996,0.50554547127916,0.6529213160064654,0.44083025469102727,0.1259692340754623,0.8385328607618514,0.7446772108594274,0.4557912692047639,0.32474507228592653,0.8688047813241065,0.23484798329729703,0.27593472496394444,0.5524612101069273,0.7125598266240945,0.596347954152903,0.32899476889460555,0.5493080275974513
S0150,0.4999620569603104,0.38085184826821666,0.20297257312579117,0.4147558215249411,0.8327320150621393,0.7036223296241201,0.3845505471382842,0.7873575382576179,0.7569244403436108,0.4844863602485044,0.28791328166620855,0.30827900603602365,0.23797106505019333,0.3208584834843918,0.2761822862026766,0.4930670128611252,0.5219273780283651
S0151,0.4025041536012081,0.3772154641178937,0.8548889665626525,0.4834595638075865,0.23092962832791633,0.7788159328588617,0.25841181946824393,0.39843655741416156,0.5203945545654015,0.7629958629838224,0.4162342644344926,0.24792353861632788,0.20270587552334307,0.4719623096310144,0.39640797707178643,0.5959746102601338,0.4815938023178743
S0152,0.6675865736009624,0.3294407128205215,0.594847041413859,0.2194188205514776,0.8644428677208257,0.2874930312423805,0.7346090465272201,0.6077149062233925,0.8273053057914151,0.28399720038993587,0.6926510069989539,0.25025792644050504,0.8549355266517772,0.6833049857796035,0.5040651195295708,0.34227924366571316,0.27097487101035983
S0153,0.7520524400733178,0.7291071577455247,0.33346432880418564,0.7840352695756988,0.38461913859862096,0.19108360698503388,0.5100493258921063,0.17001341380215718,0.16725837006847458,0.8353119735370453,0.6970140605144842,0.5900949769403875,0.4165412674467235,0.31063402586346334,0.36214407286508987,0.4389302892111528,0.649708895658986
S0154,0.4639438356362938,0.5032691739797521,0.683213212431121,0.4195008671134774,0.1923005577524753,0.30560058441569193,0.4678775835490235,0.4095562418589943,0.28896999994912914,0.1704194731382925,0.6482473926376212,0.07540310945040007,0.22834440270507644,0.263129541994459,0.4632159080800833,0.6393032937935678,0.40575857257118564
S0155,0.8881410022621397,0.10488245183140972,0.34708685141652723,0.3742286075011649,0.6916295968831421,0.37085869247930403,0.41842572365045866,0.46339180570046823,0.5252218765055301,0.41519517977159526,0.3404998177934833,0.35869542177394015,0.8004507492871833,0.5298114193488004,0.3579747560014315,0.867387624893291,0.6545172922032269
S0156,0.7704762977274224,0.15873861333855324,0.46185001551340343,0.7898778141521176,0.48679078388659197,0.5937436814697339,0.3108399394366055,0.1967314349478797,0.13017257986283573,0.4371126419173736,0.7980523713464773,0.8826825127112266,0.5275680927333949,0.8036606168099241,0.13688159866009636,0.35951238073152314,0.33266478048323733
S0157,0.8857473619509239,0.1916359202020018,0.893028751132161,0.6792883921759229,0.8395237792803774,0.600035512747681,0.3569580993891065,0.7663557459640491,0.6691514764039831,0.46017132685448264,0.36197884574658523,0.7283955285493232,0.5712435992926204,0.8060803298182845,0.7416531494560502,0.152041378946561,0.10494787304550679
S0158,0.7090851061012108,0.8110052077486541,0.11460399818268407,0.5027356631568678,0.36171714358925616,0.6024827101617524,0.10169761573831568,0.22313076204820742,0.17573723027599805,0.41900939971763,0.1618367459502124,0.686962511013987,0.2635193197475756,0.5766178217815497,0.09670502880463516,0.29300333705324777,0.5037786937815651
S0159,0.6174007109577446,0.6202764889796843,0.24104904405679478,0.37941051894856825,0.557551496638731,0.6619165265228604,0.3119868512191998,0.6951105040264537,0.8394018101011507,0.26194148063704903,0.06935899290148323,0.08321110429366642,0.8237571813192064,0.16339839301809847,0.7156038834863606,0.8833787762512002,0.8674424010037043
S0160,0.7730105236333269,0.6325771986025193,0.5402440439927741,0.5747928789374732,0.45939450543593385,0.8365290196599944,0.34328763693786585,0.661963949084894,0.20630991610525423,0.3814023962501542,0.5450511348983555,0.36160257762893594,0.5657569475632406,0.07789142818341675,0.5189236465728887,0.5058848945401971,0.8456657202030045
S0161,0.482611316160707,0.3649156928926912,0.8019147245505684,0.28751518893316375,0.18979527856397835,0.8600920897983144,0.6669190838346969,0.4563559672496814,0.2871824150731743,0.5988707949449129,0.7050752158486491,0.5140029406004477,0.49946024075916606,0.7340486905636705,0.17151478988918176,0.1921982777290408,0.84441804304378
S0162,0.804775324700433,0.26262555271477217,0.8992991002553605,0.5992554204356207,0.3425528306817034,0.5240774178626167,0.673020747774791,0.26304534369813737,0.3654194015916306,0.2576848151967203,0.8246340279166994,0.18664586055945057,0.7234404719334813,0.5679115402984457,0.8419852457579132,0.3763361746137482,0.30314713914559316
S0163,0.9029312735741434,0.8379114501790852,0.42927238068912665,0.5045728780799781,0.5390276907968047,0.5205925639471657,0.3350118334019979,0.3160722848310337,0.8919344771867013,0.447553003407359,0.5985839488473946,0.8728106383565227,0.39697132350775727,0.6000058330311692,0.44639132273625476,0.8901655966762964,0.518243695901315
S0164,0.1518514375029734,0.40991999268774565,0.7234685394286141,0.38409990153168333,0.3830498333134938,0.32654164847038814,0.24062253481539217,0.205335890572211,0.1816879938903868,0.263558270547149,0.5722449309430762,0.5961958734009939,0.36070941903033105,0.4570363566999987,0.41913582444092895,0.5025747931385643,0.6083530445483638
S0165,0.6867941806511583,0.22984859049994696,0.7216026934272658,0.6358764315287748,0.26594825377244125,0.7098172022736478,0.7216681632360085,0.9043023488993193,0.6527292068103634,0.14037576685336264,0.2869938607211333,0.7892906672220917,0.533330164642664,0.19447216654480537,0.6839114265053081,0.18943653860075604,0.34197042344182044
S0166,0.8544168723553175,0.8325888745990181,0.6178550957847241,0.8858803247875303,0.8026822642185081,0.45810279597785436,0.8890187384858209,0.3282174685640924,0.9135719348781125,0.9062785328119715,0.4558079686618699,0.4480817594480097,0.543278343789441,0.21790704808053893,0.8716341395287224,0.921035970698426,0.817652611770404
S0167,0.18185107755497862,0.5875945656654172,0.913083034488034,0.32604175793739776,0.395101850782604,0.8810050620031635,0.46032333902815553,0.5149480988316884,0.447407233567142,0.3230276583034289,0.7818037456325834,0.1636823733984342,0.7423159464118922,0.33579528101383277,0.7715203690581928,0.5972659776775198,0.4429393768049253
S0168,0.7121097553374736,0.38697809787787885,0.2789116739551641,0.14262993346781658,0.5406230874653051,0.20971999791472293,0.4491867965873646,0.14400185612248886,0.5669482479435201,0.19917224294834215,0.39913881771415216,0.8648599019523509,0.4002725489322433,0.2663799211748594,0.8685225881707289,0.26208196837007963,0.7897307773290255
S0169,0.4989738280734345,0.4532400350242335,0.5256682720199927,0.7869856120218179,0.48445506777202996,0.3192965676520679,0.5506884171256973,0.42148878730143413,0.5653184591947483,0.6793251689979842,0.5494827401462385,0.3377849399067369,0.4486864659698083,0.40173182162823745,0.5156774478563589,0.6501789285132434,0.12052845186112757
S0170,0.6074565361846697,0.47869291531813835,0.6741367595436364,0.5196238593672903,0.4861891019797756,0.43955575385412926,0.596060170157445,0.5548779140576707,0.3333350286164956,0.4970008091495329,0.1636930586485379,0.753406168676106,0.8015550516186969,0.8044148286207988,0.401470394209882,0.3522449703633931,0.6550856173685131
S0171,0.15839071193854454,0.2949975301321468,0.8528433776109872,0.21169454736911691,0.564689486924039,0.16319079441501982,0.592674642840245,0.2400959648652232,0.20555212759488872,0.824406287844269,0.16173968116486628,0.700094422317245,0.8091765400837689,0.7524488436705726,0.7807183510159749,0.23640802164915556,0.4200285871917638
S0172,0.1766319230702095,0.7517246732818177,0.47691916273831086,0.3269571775226625,0.6795191099809249,0.18494396550243095,0.2799955432163004,0.10258518860390545,0.5670391847322817,0.5662296969022433,0.17104754766918023,0.3300710092152008,0.6922255332823168,0.43300444918136216,0.21930650445351413,0.09710560348040265,0.20242371821676203
S0173,0.20737793177900307,0.636884152011072,0.9172093794583237,0.61623972779515,0.6909590098254607,0.834991553665525,0.6110667281783532,0.6307765686134793,0.6393719744854017,0.8839426298316271,0.4835282613597649,0.5746570360423582,0.7206852051214634,0.4692828351715474,0.5019665154931496,0.31074173478179395,0.5685173487883568
S0174,0.9194533654677207,0.5362078942205689,0.75290723027449,0.5207113902628844,0.18322807547124448,0.395525505585719,0.7296169765035588,0.48370158100515454,0.3815457236210284,0.4978312109690609,0.507089440701728,0.4689246933204809,0.7478611163486826,0.5231881702677798,0.7033868198585986,0.7228751219242067,0.2778164096779821
S0175,0.704611891631791,0.6328500702436877,0.49377597039176396,0.8239188968507338,0.5521011878710805,0.5338524375126977,0.6933390456084226,0.49388547374205477,0.6265750646056101,0.16607959921056348,0.3734935428478733,0.641421028344514,0.8113607661003291,0.7729072782919153,0.33432072493309034,0.7809310009547094,0.8039491638405792
S0176,0.7265181872392515,0.714006018487716,0.16161861516883858,0.4212188558625733,0.3680618953117035,0.7682266499145667,0.7559872328143513,0.49853067536715495,0.6363017049032712,0.5805446120669134,0.8076788677887063,0.7924473293050127,0.6654640796889333,0.5656175194801262,0.5532365566988099,0.851451105312815,0.27674515975497455
S0177,0.30615088481452357,0.5236567316512638,0.2784473905504366,0.9111651278196662,0.8030290685122329,0.8220095643351139,0.8885644059833666,0.33394345836071304,0.8719364071642645,0.40400826978415594,0.6819863345744167,0.8522954215991994,0.14570937605518702,0.30484142778900375,0.15902797788797196,0.14336120301908345,0.511337699675045
S0178,0.6039845688708385,0.6713005394660722,0.5619779417999224,0.6600679564956028,0.38060953023053395,0.21179461100950422,0.6129087013936433,0.5171472721749933,0.9046613558612735,0.2422196221052757,0.26370849648605477,0.09710109132738508,0.11762603536428651,0.35897821845885547,0.5146208909277572,0.528549940887713,0.3544030503798291
S0179,0.5959039194078236,0.25589690993760156,0.45636434469192466,0.7733930404389727,0.4146866507234911,0.467675302012389,0.31612815592118065,0.6170092650292851,0.3031476207199793,0.8686575316340381,0.7781927420255121,0.5122346684909242,0.7455340632411079,0.33002866068938763,0.5869419971107326,0.6026757408376293,0.4020787548622501
S0180,0.7616898871429102,0.5080737065731747,0.5808532017467869,0.5431420670059673,0.3400887530450297,0.5529290954782912,0.718000876465964,0.2907596921730359,0.30849742397815627,0.47671651423651107,0.630804090981338,0.6152010669515748,0.4124571728492494,0.5982000410665681,0.23459147969052727,0.573685452630899,0.29174529556344486
S0181,0.27884843440639345,0.7429596254043194,0.5717225798868381,0.30876601758297373,0.28869447137776927,0.10355227363627319,0.38602062334635345,0.6160178761798019,0.3482028715793045,0.25751463868418334,0.20326697542848862,0.1896628520376843,0.2843021052234304,0.11845807619287986,0.16911735117771193,0.13677069426773686,0.5650212570918909
S0182,0.2798030622464278,0.8263672828496574,0.4595545454339835,0.45208429279903184,0.43658227566008073,0.4688196306969704,0.31652260511918845,0.3009913679397388,0.1976460481634406,0.12807140091959288,0.4414961138757457,0.6729455536557317,0.48399032201582054,0.2049435619510437,0.1885469792679064,0.7175364052235449,0.4556152140706782
S0183,0.1727407320056898,0.4427446879181792,0.4376482263680611,0.11884895339128039,0.23087585440028852,0.2100608692317593,0.24462147296463502,0.3132046721201965,0.3082171782393719,0.1966027613392759,0.46117794845587573,0.598889658913365,0.19179963614570078,0.19753062295923474,0.2272822204321204,0.5415959151042177,0.4602112107477698
S0184,0.6301134548580992,0.9045451952341828,0.5689214700512134,0.7375946407056345,0.6911998790821159,0.5708266201357941,0.7005262296334185,0.23487217252579545,0.8612212886006674,0.4849789841404545,0.15022092002009557,0.48292401618164793,0.28409488951059014,0.8401844798736482,0.4739302422056385,0.3309596107747023,0.745102949779612
S0185,0.6879475970540871,0.5941109742523822,0.8665394248885161,0.23333985709582664,0.8586196126995101,0.45727346640188693,0.43519427780223496,0.6542634323760015,0.44453833327362546,0.4081018103048759,0.3601209763560594,0.7606250072297674,0.8497688599189922,0.8383737833472344,0.633802084116606,0.4644521331234451,0.4055960539803811
S0186,0.6150976456105456,0.21089549228342716,0.8072125415551771,0.7350884277202036,0.4200071426061565,0.8817455593443734,0.9244545582400066,0.43856963734650467,0.4877205645072517,0.6362143135565487,0.8161548252748333,0.39709659591378016,0.5505707774434827,0.8052691035892918,0.5859939269570693,0.3699195138379053,0.3230660840749595
S0187,0.6187159362507502,0.2876710493479945,0.15357759429062645,0.6487032795226815,0.45020910972913525,0.5129201477320046,0.6137970139373454,0.18604615977986502,0.5585987210274203,0.663432838150665,0.587415487703036,0.18650887106583422,0.6076412129451753,0.5348844217314127,0.7712046838753248,0.08691169740266498,0.15064411189753882
S0188,0.2857185855092334,0.4064144578809625,0.23579402973749955,0.8419373586514939,0.5555358827503116,0.526055154443516,0.3734597231865193,0.7335536810146012,0.9041129592237097,0.8215081048121643,0.1796740115337417,0.864077429553874,0.461784471336291,0.7094547480375771,0.5224891725062234,0.595559265021005,0.6854919502725607
S0189,0.4671572279297617,0.6548802934990343,0.8014148304911969,0.3946960707410679,0.7668904820815473,0.8561671861616217,0.7064202882427177,0.8629023737211381,0.23458535905550829,0.2607873963845398,0.8872802404416724,0.5203927552927418,0.7893226000581671,0.5130386280531662,0.32972353630609047,0.6995509545790353,0.48347432759103565
S0190,0.7398239817754078,0.33311287315580657,0.5681056635409508,0.47486969513945076,0.8542063686247376,0.2464044698411019,0.6487873826002603,0.2608074875315331,0.6043938188587799,0.37579108852757503,0.32308443678663623,0.6206836597134003,0.529643855596674,0.8451395499690779,0.9056823562597458,0.7061391394465857,0.43117351420026806
S0191,0.49723231153430614,0.28038612390733875,0.14803276991796238,0.7275987092562464,0.5007597801249072,0.8232348531217011,0.12085998390859104,0.8292036238417183,0.14737593280920064,0.6085107067173159,0.5428053229957625,0.6312411193421975,0.7998669038149162,0.2355471199798743,0.25934185945586347,0.713503889792093,0.7208226548957992
S0192,0.8513492609120401,0.9425167166963186,0.4227743507075575,0.4661685300282719,0.47483509217811853,0.6067628485300531,0.557179817430739,0.31546936057719366,0.5233964513241065,0.8610426757645604,0.7949559787059692,0.5927343197792717,0.5118696281718262,0.2762271619764693,0.23252757069612753,0.740214421552787,0.7386068125168577
S0193,0.4593407321693793,0.22791140958723533,0.3319123736301923,0.8261643861295354,0.8008224146334627,0.5021319907743093,0.682833214560502,0.4495363911627968,0.1307691417200034,0.6358595872326035,0.23015390915053363,0.9217849377181802,0.6445475764535589,0.2703686666776243,0.6784617357563347,0.2801861062633288,0.28309356075086084
S0194,0.3203927658683399,0.6977044417869787,0.2029447775835557,0.5610167870772267,0.3705042838332587,0.5060080602698711,0.21880609088098135,0.34606329307464406,0.7388313113894087,0.462149779444069,0.2965236294079646,0.42438610254957215,0.5764015387840724,0.39997395969707034,0.1990085398219157,0.5150993035829365,0.5876651028909832
S0195,0.3501457438673592,0.6586967896924912,0.26083664125756234,0.8141806799256752,0.36568711614682936,0.5992423393708459,0.2912058941356591,0.47493551391479333,0.4069588295445959,0.8671467363555838,0.4833475008280809,0.5461411876854125,0.5119822445416168,0.6561290282709936,0.2773642043013055,0.7426709104540775,0.3053205228187256
S0196,0.2671082331289484,0.12253105198729916,0.554719677838488,0.5971642427886822,0.46545723338565287,0.7147023465158996,0.26705284406288515,0.4377037253987127,0.8165203698943178,0.7771154459671559,0.5625771157894732,0.569564537316335,0.8064662698990436,0.3594558856062899,0.1514376576946453,0.5898845137888943,0.3087862638982838
S0197,0.709340191922306,0.6591459386868112,0.30386967445498864,0.23231408701485923,0.6100580856631351,0.549746426362274,0.21524342743976332,0.3550911085642069,0.14701231855802374,0.3454186907399161,0.4353899024195597,0.5384933439309322,0.4169048973739173,0.5637031694600014,0.708029674108878,0.4015606943225121,0.2762086402813253
S0198,0.15922885853727298,0.1385190247220271,0.11296671525742549,0.43509864809290116,0.8092155236529804,0.7089264695129959,0.609805138014776,0.748543516585717,0.22241940570130597,0.5708520998087291,0.15862302091276992,0.06333021030828291,0.0863255508013059,0.7048087829183419,0.2690496541320678,0.28618254503421425,0.21138143490287634
S0199,0.48761080377129545,0.2576789833741763,0.5051283109276838,0.33901248238548265,0.5234640429914774,0.41028912174747023,0.5107888461341459,0.7262706162836174,0.5894127214542348,0.36750543435214117,0.18188324390556332,0.18973847115150216,0.36354521369186515,0.6885960311158476,0.40086847458863434,0.38232053523485576,0.5571889894244216
S0200,0.28889898506972755,0.4693235570326886,0.48742895823845817,0.6868730146801322,0.8669384051887622,0.7174653370732811,0.5099727832096382,0.8273795957822785,0.8381063569392309,0.35295343634103077,0.657917422524698,0.5213129195761876,0.8841957017107684,0.44380248074234596,0.4174789173649018,0.9333632491167725,0.33944218505025053
